<?xml version="1.0" encoding="UTF-8"?>
<project-private xmlns="http://www.netbeans.org/ns/project-private/1">
    <editor-bookmarks xmlns="http://www.netbeans.org/ns/editor-bookmarks/2" lastBookmarkId="1">
        <file>
            <url>web/Registrarse.jsp</url>
            <bookmark id="1">
                <name/>
                <line>136</line>
                <key/>
            </bookmark>
        </file>
    </editor-bookmarks>
    <open-files xmlns="http://www.netbeans.org/ns/projectui-open-files/2">
        <group>
            <file>file:/C:/Users/user/Documents/NetBeansProjects/loginjsp/web/Registrarse.jsp</file>
            <file>file:/C:/Users/user/Documents/NetBeansProjects/loginjsp/web/index.jsp</file>
            <file>file:/C:/Users/user/Documents/NetBeansProjects/loginjsp/web/js/main.js</file>
            <file>file:/C:/Users/user/Documents/NetBeansProjects/loginjsp/src/java/Servlet/Registarse.java</file>
        </group>
    </open-files>
</project-private>
